condition,severity,psnr_in,psnr_oracle,psnr_pred,ssim_in,ssim_oracle,ssim_pred
clean,none,100.0,100.0,99.3608,1.0,1.0,0.9973
salt_pepper,low,20.1462,22.6672,22.6672,0.6013,0.6524,0.6524
salt_pepper,medium,15.8744,22.6605,22.6605,0.3366,0.652,0.652
salt_pepper,high,13.1443,22.6393,22.6393,0.2014,0.6506,0.6506
blur,low,32.1465,22.6057,22.6057,0.9373,0.6488,0.6488
blur,medium,26.8942,22.7937,22.7937,0.8038,0.6499,0.6499
blur,high,24.5252,22.9189,22.9189,0.6947,0.641,0.641
occlusion,low,16.6925,21.6955,21.7404,0.8615,0.6277,0.6362
occlusion,medium,13.3693,20.6312,20.6362,0.7315,0.6006,0.6007
occlusion,high,10.803,19.1925,19.1925,0.5486,0.5564,0.5564
