item,style,l1,ssim
0,2,0.1312175840139389,0.3953571021556854
1,2,0.17731596529483795,0.3017222583293915
2,2,0.12667052447795868,0.44040822982788086
3,2,0.10434470325708389,0.5170593857765198
4,2,0.1126285269856453,0.4718007743358612
5,2,0.13078440725803375,0.41396859288215637
6,2,0.10744470357894897,0.4647689163684845
7,2,0.15955157577991486,0.33763793110847473
8,2,0.09362141042947769,0.52205491065979
9,2,0.10058444738388062,0.5305281281471252
10,2,0.1417849063873291,0.4216688871383667
11,2,0.10700627416372299,0.5022696852684021
12,2,0.15822948515415192,0.37372612953186035
13,2,0.15855036675930023,0.3366345167160034
14,2,0.1513284593820572,0.35085436701774597
15,2,0.1872338056564331,0.21897165477275848
16,2,0.10868916660547256,0.5161697864532471
17,2,0.13236333429813385,0.46833696961402893
18,2,0.12481683492660522,0.47725018858909607
19,2,0.16980046033859253,0.3801771402359009
20,2,0.18908566236495972,0.23873580992221832
21,2,0.14296980202198029,0.446773499250412
22,2,0.1842290610074997,0.3616665303707123
23,2,0.12766139209270477,0.48000970482826233
24,2,0.102175772190094,0.5292052626609802
25,2,0.1281980276107788,0.5050156712532043
26,2,0.13402949273586273,0.46467748284339905
27,2,0.10277792811393738,0.5130695700645447
28,2,0.13156743347644806,0.43678998947143555
29,2,0.14628063142299652,0.41255393624305725
30,2,0.11120694130659103,0.4591813087463379
31,2,0.13955484330654144,0.4288487434387207
32,2,0.15727005898952484,0.4327410161495209
33,2,0.181798055768013,0.2679377496242523
34,2,0.14041286706924438,0.4158283472061157
35,2,0.1628503054380417,0.4094032347202301
36,2,0.15217474102973938,0.4150325357913971
37,2,0.14104671776294708,0.381300687789917
38,2,0.17424249649047852,0.311312735080719
39,2,0.160725936293602,0.39770790934562683
40,2,0.14121918380260468,0.4580095708370209
41,2,0.1677803248167038,0.29646554589271545
42,2,0.22238902747631073,0.2285829782485962
43,2,0.1672435998916626,0.34246745705604553
44,2,0.1330702155828476,0.4702743589878082
45,2,0.17495869100093842,0.3262495994567871
46,2,0.18670238554477692,0.279833048582077
47,2,0.11874469369649887,0.43261250853538513
48,2,0.1177653968334198,0.46263015270233154
49,2,0.15479259192943573,0.36171436309814453
50,2,0.11934385448694229,0.5528441667556763
51,2,0.18077735602855682,0.29398390650749207
52,2,0.19429735839366913,0.29768478870391846
53,2,0.15585435926914215,0.4013461768627167
54,2,0.14862945675849915,0.4418838322162628
55,2,0.1475440412759781,0.4448051452636719
56,2,0.17749738693237305,0.32522931694984436
57,2,0.15555286407470703,0.4056788980960846
58,2,0.13157007098197937,0.4942726194858551
59,2,0.20709510147571564,0.29934367537498474
60,2,0.20841260254383087,0.21113212406635284
61,2,0.21192394196987152,0.33745381236076355
62,2,0.20802420377731323,0.320027619600296
63,2,0.21122513711452484,0.23143787682056427
64,2,0.15931536257266998,0.3689768314361572
65,2,0.19508737325668335,0.22196923196315765
66,2,0.22862635552883148,0.29305219650268555
67,2,0.17761577665805817,0.3797629773616791
68,2,0.13633133471012115,0.4633622169494629
69,2,0.19197137653827667,0.46493959426879883
70,2,0.18947863578796387,0.335733562707901
71,2,0.14675618708133698,0.39453086256980896
72,2,0.12107177823781967,0.4594694674015045
73,2,0.13083606958389282,0.3983597755432129
74,2,0.18403631448745728,0.250945121049881
75,2,0.19901520013809204,0.2754489481449127
76,2,0.11614976078271866,0.5058061480522156
77,2,0.18280087411403656,0.2800178825855255
78,2,0.12513184547424316,0.49094995856285095
79,2,0.1532001495361328,0.3131833076477051
80,2,0.1608504354953766,0.38773882389068604
81,2,0.12604917585849762,0.4680730402469635
82,2,0.1173989400267601,0.4474566876888275
83,2,0.15347841382026672,0.35541319847106934
84,2,0.16674979031085968,0.2828267812728882
85,2,0.18009738624095917,0.30551886558532715
86,2,0.17757923901081085,0.31760305166244507
87,2,0.14608316123485565,0.43027687072753906
88,2,0.12258803099393845,0.45951953530311584
89,2,0.10855469852685928,0.5220279693603516
90,2,0.11935147643089294,0.508746325969696
91,2,0.14984312653541565,0.380867600440979
92,2,0.11569643020629883,0.48624861240386963
93,2,0.1546495407819748,0.3895958662033081
94,2,0.16823017597198486,0.3058556020259857
95,2,0.19816648960113525,0.1979144811630249
96,2,0.10328751057386398,0.4770123064517975
97,2,0.11439862102270126,0.46309757232666016
98,2,0.13266818225383759,0.4294741153717041
99,2,0.12872447073459625,0.4259531497955322
100,2,0.19316744804382324,0.23562021553516388
101,2,0.1591518372297287,0.3515964448451996
102,2,0.13893331587314606,0.4141891896724701
103,2,0.16812443733215332,0.2623656690120697
104,2,0.19866617023944855,0.2782135009765625
105,2,0.1426602452993393,0.39748111367225647
106,2,0.14256127178668976,0.37097713351249695
107,2,0.13739131391048431,0.440311998128891
108,2,0.09111794084310532,0.5864217281341553
109,2,0.1297978013753891,0.4436921179294586
110,2,0.14795425534248352,0.35389697551727295
111,2,0.1297687143087387,0.4575648009777069
112,2,0.16973181068897247,0.3699415624141693
113,2,0.14425653219223022,0.4381212294101715
114,2,0.125113844871521,0.46451807022094727
115,2,0.18941259384155273,0.3312583267688751
116,2,0.11642944067716599,0.5178165435791016
117,2,0.10943669825792313,0.508537232875824
118,2,0.15066201984882355,0.42266008257865906
119,2,0.14598894119262695,0.4175497591495514
120,2,0.14715111255645752,0.3869185447692871
121,2,0.11592788249254227,0.46786728501319885
122,2,0.1638939529657364,0.24813543260097504
123,2,0.17263032495975494,0.3286142647266388
124,2,0.12721051275730133,0.4616073668003082
125,2,0.18349166214466095,0.32450851798057556
126,2,0.14034177362918854,0.46450766921043396
127,2,0.15339358150959015,0.3882228434085846
128,2,0.13626472651958466,0.4229612350463867
129,2,0.16078804433345795,0.3118639886379242
130,2,0.15336701273918152,0.46464112401008606
131,2,0.18927550315856934,0.22887174785137177
132,2,0.16258980333805084,0.44258034229278564
133,2,0.13802926242351532,0.4528747797012329
134,2,0.1737140417098999,0.3163759410381317
135,2,0.11691939830780029,0.4453446567058563
136,2,0.15524111688137054,0.42508068680763245
137,2,0.1584366410970688,0.40825629234313965
138,2,0.1245509460568428,0.47745779156684875
139,2,0.1878952533006668,0.28938746452331543
140,2,0.20082657039165497,0.21787558495998383
141,2,0.15028081834316254,0.44335031509399414
142,2,0.13064247369766235,0.48387953639030457
143,2,0.11705545336008072,0.4941753149032593
144,2,0.18029604852199554,0.32653096318244934
145,2,0.15394362807273865,0.3812020719051361
146,2,0.17274314165115356,0.22658580541610718
147,2,0.11876857280731201,0.4766855537891388
148,2,0.10732962936162949,0.5341198444366455
149,2,0.18183444440364838,0.28892675042152405
150,2,0.16668927669525146,0.3907383382320404
151,2,0.19624127447605133,0.2070227712392807
152,2,0.13483718037605286,0.4403127133846283
153,2,0.15605133771896362,0.3828526437282562
154,2,0.1630120873451233,0.38718804717063904
155,2,0.20840220153331757,0.2446780651807785
156,2,0.1636304408311844,0.38481155037879944
157,2,0.1358792930841446,0.46056461334228516
158,2,0.1322750598192215,0.4733661115169525
159,2,0.1179381012916565,0.5113910436630249
160,2,0.20002059638500214,0.19252188503742218
161,2,0.14101579785346985,0.4244842231273651
162,2,0.10181837528944016,0.4987216889858246
163,2,0.16852664947509766,0.26778337359428406
164,2,0.15423788130283356,0.41642847657203674
165,2,0.1299160271883011,0.4578010141849518
166,2,0.11572194844484329,0.4973750412464142
167,2,0.15294654667377472,0.36777254939079285
168,2,0.12680037319660187,0.4577775001525879
169,2,0.18388859927654266,0.33536016941070557
170,2,0.1580091267824173,0.4097857177257538
171,2,0.14228571951389313,0.41620489954948425
172,2,0.13226406276226044,0.41686078906059265
173,2,0.16418012976646423,0.346090704202652
174,2,0.13261204957962036,0.41866564750671387
175,2,0.17982803285121918,0.28326526284217834
176,2,0.15987537801265717,0.3569079339504242
177,2,0.18040406703948975,0.2702028453350067
178,2,0.1508733481168747,0.40499863028526306
179,2,0.16554923355579376,0.376194566488266
180,2,0.1346852034330368,0.48318028450012207
181,2,0.12944310903549194,0.4375290870666504
182,2,0.1193523034453392,0.4370752274990082
183,2,0.13029134273529053,0.4571739137172699
184,2,0.18452709913253784,0.30576789379119873
185,2,0.13875646889209747,0.4596644341945648
186,2,0.18629753589630127,0.3579705059528351
187,2,0.19570480287075043,0.36692574620246887
188,2,0.1590568572282791,0.4021414816379547
189,2,0.16960419714450836,0.4010418951511383
190,2,0.15262965857982635,0.42127323150634766
191,2,0.17571473121643066,0.44832608103752136
192,2,0.17225098609924316,0.3900522291660309
193,2,0.1766280084848404,0.3556536138057709
194,2,0.1468973308801651,0.4059366285800934
195,2,0.18886792659759521,0.2980622351169586
196,2,0.13027045130729675,0.492685467004776
197,2,0.14178884029388428,0.4392848014831543
198,2,0.16845892369747162,0.3594094216823578
199,2,0.17057402431964874,0.4194205701351166
200,2,0.20721687376499176,0.2847821116447449
201,2,0.1493421345949173,0.4563632905483246
202,2,0.20331721007823944,0.27755406498908997
203,2,0.16820193827152252,0.4278206527233124
204,2,0.10618526488542557,0.516424834728241
205,2,0.13270355761051178,0.4636571407318115
206,2,0.18566308915615082,0.33947721123695374
207,2,0.1322900652885437,0.36484989523887634
208,2,0.17623543739318848,0.4233367145061493
209,2,0.1371523141860962,0.4049853980541229
210,2,0.13796208798885345,0.42616185545921326
211,2,0.15823082625865936,0.34776827692985535
212,2,0.21178662776947021,0.2529051601886749
213,2,0.1426069587469101,0.4302726984024048
214,2,0.20486204326152802,0.25437524914741516
215,2,0.12615729868412018,0.48954451084136963
216,2,0.15030278265476227,0.45419323444366455
217,2,0.15395957231521606,0.3727816045284271
218,2,0.17369920015335083,0.32848992943763733
219,2,0.197468101978302,0.22474251687526703
220,2,0.19298261404037476,0.2660743296146393
221,2,0.2190888524055481,0.1747826784849167
222,2,0.1349777728319168,0.4715035855770111
223,2,0.1859665960073471,0.3661302328109741
224,2,0.1469513326883316,0.3396783769130707
225,2,0.13492326438426971,0.4471670687198639
226,2,0.17624777555465698,0.3578310012817383
227,2,0.14431267976760864,0.46232855319976807
228,2,0.1250641793012619,0.4803566634654999
229,2,0.16392534971237183,0.337615042924881
230,2,0.17456789314746857,0.365668386220932
231,2,0.1528697907924652,0.4667162597179413
232,2,0.13130129873752594,0.5211325287818909
233,2,0.154831200838089,0.45260336995124817
234,2,0.19404898583889008,0.37390926480293274
235,2,0.1705797165632248,0.371634840965271
236,2,0.17728520929813385,0.4051714837551117
237,2,0.19377104938030243,0.32752200961112976
238,2,0.20956261456012726,0.2639329433441162
239,2,0.17566747963428497,0.3244776427745819
240,2,0.14911328256130219,0.42626622319221497
241,2,0.1570001095533371,0.40306147933006287
242,2,0.14454786479473114,0.44952675700187683
243,2,0.16564559936523438,0.36288580298423767
244,2,0.21089206635951996,0.28936347365379333
245,2,0.1237277090549469,0.4824562966823578
246,2,0.2584664523601532,0.2609751224517822
247,2,0.1176472082734108,0.45166969299316406
248,2,0.13981057703495026,0.4479578733444214
249,2,0.22275327146053314,0.2627716362476349
250,2,0.13267625868320465,0.4828316867351532
251,2,0.17002324759960175,0.3930166959762573
252,2,0.18652117252349854,0.4002861976623535
253,2,0.16707520186901093,0.3693489134311676
254,2,0.21391846239566803,0.27665817737579346
255,2,0.1696680188179016,0.3841665983200073
256,2,0.16708709299564362,0.39720582962036133
257,2,0.1258171796798706,0.4707111120223999
258,2,0.19527967274188995,0.2876589596271515
259,2,0.1629515290260315,0.3360222280025482
260,2,0.1470014899969101,0.4471707344055176
261,2,0.14468209445476532,0.4183076322078705
262,2,0.22908397018909454,0.24397075176239014
263,2,0.144332155585289,0.4560929238796234
264,2,0.19074101746082306,0.25939223170280457
265,2,0.16935227811336517,0.41377687454223633
266,2,0.15733180940151215,0.4107351303100586
267,2,0.1476103812456131,0.4394167363643646
268,2,0.17620009183883667,0.31389907002449036
269,2,0.14368443191051483,0.4461077153682709
270,2,0.1524408757686615,0.4181550443172455
271,2,0.20411039888858795,0.24046872556209564
272,2,0.17779149115085602,0.30787596106529236
273,2,0.1779823750257492,0.39947161078453064
274,2,0.1584281474351883,0.44186922907829285
275,2,0.14638401567935944,0.3985224962234497
276,2,0.20452795922756195,0.3600216805934906
277,2,0.13911384344100952,0.3982449471950531
278,2,0.15778549015522003,0.4163821041584015
279,2,0.1477188915014267,0.40367937088012695
280,2,0.11627823114395142,0.5427590608596802
281,2,0.15179754793643951,0.4244908094406128
282,2,0.14931394159793854,0.3262770175933838
283,2,0.1163371130824089,0.49256083369255066
284,2,0.15011276304721832,0.4462968409061432
285,2,0.2019893378019333,0.24526488780975342
286,2,0.18542690575122833,0.2507043778896332
287,2,0.1382281333208084,0.4527181088924408
288,2,0.19355563819408417,0.24267800152301788
289,2,0.15652422606945038,0.3295356035232544
290,2,0.2273329347372055,0.24772149324417114
291,2,0.18396760523319244,0.2663228511810303
292,2,0.10700545459985733,0.5306984782218933
293,2,0.20127040147781372,0.2569939196109772
294,2,0.17943036556243896,0.34056949615478516
295,2,0.1432015746831894,0.4732836186885834
296,2,0.15057528018951416,0.4047185480594635
297,2,0.14617742598056793,0.4039730727672577
298,2,0.13723069429397583,0.5160585045814514
299,2,0.1856909543275833,0.247806116938591
300,2,0.12262848019599915,0.5167059898376465
301,2,0.12163753062486649,0.527797281742096
302,2,0.13242964446544647,0.45664557814598083
303,2,0.17407254874706268,0.3751688003540039
304,2,0.13324521481990814,0.4993990957736969
305,2,0.19704566895961761,0.21941031515598297
306,2,0.15365685522556305,0.3898559808731079
307,2,0.18499724566936493,0.2714453935623169
308,2,0.15789130330085754,0.3964745104312897
309,2,0.13675884902477264,0.42302075028419495
310,2,0.1806127429008484,0.3061223328113556
311,2,0.13714958727359772,0.39246201515197754
312,2,0.16080375015735626,0.33684781193733215
313,2,0.1355878859758377,0.40352949500083923
314,2,0.13892792165279388,0.44265612959861755
315,1,0.0351586788892746,0.6474246978759766
316,1,0.0991511419415474,0.42842280864715576
317,1,0.053438451141119,0.5211532115936279
318,1,0.08110982924699783,0.4978047311306
319,1,0.06382513046264648,0.5047189593315125
320,1,0.03546134755015373,0.6652877330780029
321,1,0.11961919069290161,0.30915987491607666
322,1,0.05680987238883972,0.4963933527469635
323,1,0.0474841333925724,0.6158013343811035
324,1,0.09787720441818237,0.42870330810546875
325,1,0.054129768162965775,0.5801124572753906
326,1,0.06969216465950012,0.5099855065345764
327,1,0.09436484426259995,0.38660839200019836
328,1,0.05624857544898987,0.6088307499885559
329,1,0.08943670988082886,0.45854508876800537
330,1,0.05633530393242836,0.5501957535743713
331,1,0.11132699251174927,0.373549222946167
332,1,0.06278800219297409,0.5191112160682678
333,1,0.1090928390622139,0.33057209849357605
334,1,0.038222309201955795,0.6519738435745239
335,1,0.08403820544481277,0.4129231870174408
336,1,0.06971826404333115,0.48830118775367737
337,1,0.04823695123195648,0.6032484769821167
338,1,0.049457848072052,0.5807432532310486
339,1,0.09695082902908325,0.3921714127063751
340,1,0.0832984670996666,0.43132591247558594
341,1,0.054872650653123856,0.5704248547554016
342,1,0.09548485279083252,0.4639248549938202
343,1,0.10626059770584106,0.3445645570755005
344,1,0.053837850689888,0.5668497681617737
345,1,0.05094607546925545,0.5875212550163269
346,1,0.03228249028325081,0.6096277832984924
347,1,0.06776431202888489,0.5385221838951111
348,1,0.13168682157993317,0.4556601941585541
349,1,0.11227437108755112,0.40841054916381836
350,1,0.04411674663424492,0.6076245903968811
351,1,0.12553709745407104,0.35620376467704773
352,1,0.06484220176935196,0.5843748450279236
353,1,0.03606933355331421,0.6586558222770691
354,1,0.05803097411990166,0.5640645623207092
355,1,0.10571079701185226,0.3704342842102051
356,1,0.056700319051742554,0.5045667290687561
357,1,0.053895268589258194,0.5447930693626404
358,1,0.05471256375312805,0.5732911229133606
359,1,0.06038698926568031,0.5771824717521667
360,1,0.04784350097179413,0.6351770758628845
361,1,0.08913565427064896,0.407306045293808
362,1,0.040874820202589035,0.6232902407646179
363,1,0.04088354483246803,0.5913656949996948
364,1,0.11150573939085007,0.3656194508075714
365,1,0.042943041771650314,0.5781086087226868
366,1,0.19816476106643677,0.2590475380420685
367,1,0.042120013386011124,0.6106041669845581
368,1,0.09544620662927628,0.4624815881252289
369,1,0.05654345452785492,0.513312578201294
370,1,0.11859967559576035,0.35201287269592285
371,1,0.05658869072794914,0.5809236168861389
372,1,0.055565956979990005,0.5776820778846741
373,1,0.05274679884314537,0.502822995185852
374,1,0.08869508653879166,0.3934929072856903
375,1,0.07307034730911255,0.46785783767700195
376,1,0.11958872526884079,0.3525210916996002
377,1,0.06048041954636574,0.4619612395763397
378,1,0.05237549915909767,0.6125898957252502
379,1,0.04344495013356209,0.5965391993522644
380,1,0.04131311923265457,0.5391051173210144
381,1,0.03841064125299454,0.6357123255729675
382,1,0.06470691412687302,0.4973702132701874
383,1,0.05885908007621765,0.5817680954933167
384,1,0.04585060104727745,0.6288798451423645
385,1,0.056726668030023575,0.562968909740448
386,1,0.036416854709386826,0.7154335975646973
387,1,0.047972116619348526,0.5943900942802429
388,1,0.11812298744916916,0.39521411061286926
389,1,0.09131282567977905,0.453064888715744
390,1,0.06605887413024902,0.5047826766967773
391,1,0.043572764843702316,0.6396611332893372
392,1,0.059556376188993454,0.5723476409912109
393,1,0.05392894148826599,0.5787007808685303
394,1,0.06529846787452698,0.5304720997810364
395,1,0.046161990612745285,0.5510817170143127
396,1,0.0627436563372612,0.5760008692741394
397,1,0.047469574958086014,0.6542474627494812
398,1,0.10839762538671494,0.349877268075943
399,1,0.11745240539312363,0.34571394324302673
400,1,0.05485020950436592,0.573627233505249
401,1,0.05842515826225281,0.5657313466072083
402,1,0.14460037648677826,0.254380464553833
403,1,0.10246046632528305,0.3915586471557617
404,1,0.1217966079711914,0.2884361445903778
405,1,0.05784304440021515,0.5546929240226746
406,1,0.10903177410364151,0.4068329632282257
407,1,0.1152133122086525,0.35067713260650635
408,1,0.03441174328327179,0.6420911550521851
409,1,0.05608091875910759,0.5975690484046936
410,1,0.044353678822517395,0.5913237929344177
411,1,0.037403278052806854,0.58079594373703
412,1,0.10241526365280151,0.3663451373577118
413,1,0.07931683957576752,0.4774773418903351
414,1,0.12780074775218964,0.2912769317626953
415,1,0.04734085872769356,0.6143962740898132
416,1,0.05685560032725334,0.5931889414787292
417,1,0.05284666642546654,0.5615171194076538
418,1,0.03932231664657593,0.6195830702781677
419,1,0.080378957092762,0.4731943905353546
420,1,0.04356295242905617,0.5500481724739075
421,1,0.04654550552368164,0.5987427234649658
422,1,0.04895502328872681,0.5731399059295654
423,1,0.051940858364105225,0.6079687476158142
424,1,0.08165574073791504,0.4241807758808136
425,1,0.049971237778663635,0.6129738688468933
426,1,0.04168543219566345,0.5587366223335266
427,1,0.05634117126464844,0.5037858486175537
428,1,0.038499947637319565,0.6162225604057312
429,1,0.10536950826644897,0.39708173274993896
430,1,0.05326519533991814,0.5782569050788879
431,1,0.07260366529226303,0.4377036988735199
432,1,0.041588570922613144,0.623074471950531
433,1,0.08704811334609985,0.41597723960876465
434,1,0.044036369770765305,0.5847812294960022
435,1,0.05208028480410576,0.5309181809425354
436,1,0.04049002751708031,0.5184323191642761
437,1,0.0908193290233612,0.45337653160095215
438,1,0.0871923640370369,0.3680654466152191
439,1,0.05334021523594856,0.5362702012062073
440,1,0.09837999194860458,0.44016245007514954
441,1,0.03686309978365898,0.5897524952888489
442,1,0.14507411420345306,0.2282649278640747
443,1,0.05283142253756523,0.581996738910675
444,1,0.0343153178691864,0.6302225589752197
445,1,0.05621945858001709,0.5935242772102356
446,1,0.07037471234798431,0.5205479264259338
447,1,0.055510953068733215,0.5841395854949951
448,1,0.06116127967834473,0.5582919120788574
449,1,0.0813436210155487,0.44542062282562256
450,1,0.0335954949259758,0.6483330726623535
451,1,0.05481709539890289,0.543414831161499
452,1,0.07305905967950821,0.4414241313934326
453,1,0.04955745115876198,0.5787203907966614
454,1,0.050856899470090866,0.6150383949279785
455,1,0.05082954093813896,0.6048640012741089
456,1,0.05999469384551048,0.5345772504806519
457,1,0.06036077439785004,0.547674834728241
458,1,0.11021316796541214,0.348642498254776
459,1,0.11379817873239517,0.32419252395629883
460,1,0.04420281574130058,0.5940107703208923
461,1,0.14852045476436615,0.2731999456882477
462,1,0.06951893121004105,0.511687695980072
463,1,0.12497562170028687,0.28502464294433594
464,1,0.056224118918180466,0.5663390755653381
465,1,0.07316524535417557,0.46910154819488525
466,1,0.058739423751831055,0.5912166237831116
467,1,0.05231424793601036,0.6170828938484192
468,1,0.09090667217969894,0.42849767208099365
469,1,0.05847568437457085,0.5520629286766052
470,1,0.12094569206237793,0.3020658791065216
471,1,0.06736359000205994,0.4953923225402832
472,1,0.13413920998573303,0.26584091782569885
473,1,0.13627390563488007,0.320723295211792
474,1,0.055707886815071106,0.605363130569458
475,1,0.10165569186210632,0.42961204051971436
476,1,0.053520072251558304,0.5944996476173401
477,1,0.06528026610612869,0.5263426899909973
478,1,0.10412845760583878,0.37238773703575134
479,1,0.11451820284128189,0.3174583613872528
480,1,0.09773602336645126,0.4048168659210205
481,1,0.06600727140903473,0.5460419058799744
482,1,0.08500131964683533,0.4403342008590698
483,1,0.056658923625946045,0.4954385757446289
484,1,0.11100918054580688,0.3501615524291992
485,1,0.05838053300976753,0.4826021194458008
486,1,0.10435204952955246,0.41095685958862305
487,1,0.033370282500982285,0.6314465999603271
488,1,0.0905143991112709,0.46488359570503235
489,1,0.07087508589029312,0.44674912095069885
490,1,0.03731251880526543,0.5694393515586853
491,1,0.0642022043466568,0.48727020621299744
492,1,0.04002362862229347,0.6274914741516113
493,1,0.06976227462291718,0.49958130717277527
494,1,0.04680681228637695,0.5174694061279297
495,1,0.044172417372465134,0.6235962510108948
496,1,0.06514942646026611,0.5967531204223633
497,1,0.05242639407515526,0.5954182147979736
498,1,0.059889908879995346,0.5774555206298828
499,1,0.12759996950626373,0.3558189570903778
500,1,0.050160061568021774,0.6024599075317383
501,1,0.07327374070882797,0.4965066909790039
502,1,0.12768319249153137,0.29950186610221863
503,1,0.060711029917001724,0.5816987156867981
504,1,0.05162957310676575,0.6346823573112488
505,1,0.07449638098478317,0.454777330160141
506,1,0.048146914690732956,0.6231546998023987
507,1,0.0779833123087883,0.43194833397865295
508,1,0.09986913949251175,0.3111375570297241
509,1,0.0401013158261776,0.6302013993263245
510,1,0.12033149600028992,0.4483550488948822
511,1,0.28014445304870605,0.2770868241786957
512,1,0.3207337558269501,0.2450389713048935
513,1,0.2209770828485489,0.39789000153541565
514,1,0.10267949104309082,0.48489058017730713
515,1,0.08762218803167343,0.5234811305999756
516,1,0.08139550685882568,0.5091841816902161
517,1,0.1812378168106079,0.24650318920612335
518,1,0.06741774082183838,0.561251699924469
519,1,0.09865504503250122,0.4557761251926422
520,1,0.06063811480998993,0.5583069920539856
521,1,0.10991612821817398,0.35274091362953186
522,1,0.07529610395431519,0.46844348311424255
523,1,0.04622500017285347,0.6178247928619385
524,1,0.05560734495520592,0.5468834638595581
525,1,0.10066614300012589,0.3493972718715668
526,1,0.05819706618785858,0.5492634177207947
527,1,0.0916675552725792,0.4344319999217987
528,1,0.05374078080058098,0.5816063284873962
529,1,0.05989177152514458,0.5397751927375793
530,1,0.07172893732786179,0.5804935097694397
531,1,0.07357914000749588,0.5023875832557678
532,1,0.13000060617923737,0.23204286396503448
533,1,0.11543547362089157,0.32681092619895935
534,1,0.054793935269117355,0.6211960315704346
535,1,0.05353793874382973,0.6095826625823975
536,1,0.04081996902823448,0.6320538520812988
537,1,0.06712032109498978,0.5536201596260071
538,1,0.05530502274632454,0.6092684864997864
539,1,0.06736554950475693,0.5400874018669128
540,1,0.05521617457270622,0.6145732998847961
541,1,0.05544033274054527,0.596221923828125
542,1,0.05453547462821007,0.6431639194488525
543,1,0.039249926805496216,0.6516170501708984
544,1,0.03635476902127266,0.6852594017982483
545,1,0.03569411113858223,0.6725490093231201
546,1,0.10481292754411697,0.43422508239746094
547,1,0.05428268015384674,0.5750679969787598
548,1,0.0642690435051918,0.5354500412940979
549,1,0.052000656723976135,0.5593484044075012
550,1,0.059275683015584946,0.5245975852012634
551,1,0.04992710426449776,0.5947834849357605
552,1,0.1317276805639267,0.2241148203611374
553,1,0.062311138957738876,0.5397382378578186
554,1,0.05137214437127113,0.5895549654960632
555,1,0.048829395323991776,0.610668420791626
556,1,0.06215557083487511,0.5444296002388
557,1,0.04560137167572975,0.6454731822013855
558,1,0.11690989136695862,0.28370586037635803
559,1,0.05741621181368828,0.5562844276428223
560,1,0.046278174966573715,0.5954431295394897
561,1,0.0345136933028698,0.6579793095588684
562,1,0.11518911272287369,0.3300282061100006
563,1,0.10977298021316528,0.37505683302879333
564,1,0.1321277618408203,0.3003237545490265
565,1,0.08586657792329788,0.46313920617103577
566,1,0.06263221055269241,0.5712503790855408
567,1,0.11179759353399277,0.3103431165218353
568,1,0.08017420768737793,0.4578782320022583
569,1,0.10646551847457886,0.3113459348678589
570,1,0.07081601768732071,0.4882391691207886
571,1,0.03956526145339012,0.532042920589447
572,1,0.09566902369260788,0.37457361817359924
573,1,0.03087545372545719,0.6287059783935547
574,1,0.0616738386452198,0.5446991920471191
575,1,0.044111236929893494,0.6242565512657166
576,1,0.072679303586483,0.5141475796699524
577,1,0.057774197310209274,0.4968349039554596
578,1,0.03185480460524559,0.6604621410369873
579,1,0.05693964660167694,0.598041832447052
580,1,0.047714632004499435,0.614421546459198
581,1,0.037528883665800095,0.6519283652305603
582,1,0.05917126312851906,0.5472607016563416
583,1,0.08695057034492493,0.37097981572151184
584,1,0.055881794542074203,0.585593044757843
585,1,0.05120706185698509,0.6112064123153687
586,1,0.0690523162484169,0.5411376953125
587,1,0.044417623430490494,0.6376160979270935
588,1,0.044933319091796875,0.5497519969940186
589,1,0.05753977224230766,0.5368265509605408
590,1,0.07593455165624619,0.47366270422935486
591,1,0.0530691035091877,0.5958083271980286
592,1,0.07719705253839493,0.53757244348526
593,1,0.16065038740634918,0.2250223606824875
594,1,0.05723755061626434,0.5963579416275024
595,1,0.06437544524669647,0.5623591542243958
596,1,0.09203904867172241,0.44427934288978577
597,1,0.06705040484666824,0.5337563157081604
598,1,0.05749616399407387,0.6315796971321106
599,1,0.04482617974281311,0.6541714072227478
600,1,0.031007811427116394,0.7097728252410889
601,1,0.09364893287420273,0.4442580044269562
602,1,0.05223841965198517,0.5592536330223083
603,1,0.10490483790636063,0.3534925878047943
604,1,0.0989626944065094,0.4030865728855133
605,1,0.05042096599936485,0.609952986240387
606,1,0.1151965856552124,0.37244299054145813
607,1,0.056163232773542404,0.6177279353141785
608,1,0.06890810281038284,0.5246252417564392
609,1,0.06732986867427826,0.5494592785835266
610,1,0.0748906210064888,0.46688929200172424
611,1,0.059997931122779846,0.5429144501686096
612,1,0.06670834869146347,0.5414373874664307
613,1,0.05985743924975395,0.5731250643730164
614,1,0.12743572890758514,0.253488153219223
615,1,0.1156206950545311,0.3307393789291382
616,1,0.0557062067091465,0.5653603672981262
617,1,0.0756804421544075,0.5082067847251892
618,1,0.11149642616510391,0.35985270142555237
619,1,0.03312211111187935,0.6215483546257019
620,1,0.1002785786986351,0.36938145756721497
621,1,0.09080035239458084,0.5961833000183105
622,1,0.11572962999343872,0.36519765853881836
623,1,0.07596369832754135,0.5580070614814758
624,1,0.09740138053894043,0.5161759257316589
625,1,0.059861164540052414,0.6608776450157166
626,1,0.08611487597227097,0.603419840335846
627,1,0.04742981866002083,0.6206242442131042
628,1,0.09242415428161621,0.6072859764099121
629,1,0.07598157972097397,0.6366886496543884
630,1,0.124676913022995,0.39285337924957275
631,1,0.11870189756155014,0.489717960357666
632,1,0.08391761779785156,0.5568373203277588
633,1,0.09489742666482925,0.5398108959197998
634,1,0.05272984504699707,0.6397702097892761
635,1,0.04885120317339897,0.7041835784912109
636,1,0.0708504393696785,0.6525745987892151
637,1,0.05841270089149475,0.6780655980110168
638,1,0.06882297992706299,0.64912348985672
639,1,0.0610954724252224,0.5496191382408142
640,1,0.11129704862833023,0.47981348633766174
641,1,0.06679186224937439,0.6686962246894836
642,1,0.09239240735769272,0.505618155002594
643,1,0.058469001203775406,0.6234340071678162
644,1,0.08846313506364822,0.6298602223396301
645,1,0.05829894170165062,0.6548857688903809
646,1,0.07943181693553925,0.5927514433860779
647,1,0.08532529324293137,0.5659139156341553
648,1,0.11527624726295471,0.4595872163772583
649,1,0.10409466177225113,0.45045220851898193
650,1,0.08133124560117722,0.5710754990577698
651,1,0.06378420442342758,0.6091319918632507
652,1,0.10443699359893799,0.44274821877479553
653,1,0.0952940583229065,0.47632336616516113
654,1,0.08839154243469238,0.571272075176239
655,1,0.081102155148983,0.5665768980979919
656,1,0.07204727828502655,0.582747757434845
657,1,0.06786656379699707,0.6528433561325073
658,1,0.1358112096786499,0.41025829315185547
659,1,0.0989578366279602,0.5203861594200134
660,1,0.08225766569375992,0.6169693470001221
661,1,0.0982050970196724,0.42741861939430237
662,1,0.07864145934581757,0.5606545805931091
663,1,0.06017975136637688,0.6639912128448486
664,1,0.07590391486883163,0.5951957702636719
665,1,0.11185725778341293,0.47155842185020447
666,1,0.10792341083288193,0.3888634741306305
667,1,0.16920919716358185,0.32915785908699036
668,1,0.07672721147537231,0.5962585806846619
669,1,0.10883314162492752,0.4802192747592926
670,1,0.1072913184762001,0.45240309834480286
671,1,0.08573364466428757,0.6342379450798035
672,1,0.09049353748559952,0.5325412154197693
673,1,0.11796679347753525,0.3736405074596405
674,1,0.09910354763269424,0.403371125459671
675,1,0.09129061549901962,0.48491787910461426
676,1,0.07575533539056778,0.6044398546218872
677,1,0.057049479335546494,0.5819822549819946
678,1,0.06802631169557571,0.638587236404419
679,1,0.07982025295495987,0.5218871235847473
680,1,0.07567266374826431,0.5788074135780334
681,1,0.07214900851249695,0.6112177968025208
682,1,0.05496148392558098,0.5730199813842773
683,1,0.09647165983915329,0.5360373854637146
684,1,0.08507782220840454,0.46166595816612244
685,1,0.10836700350046158,0.4051297605037689
686,1,0.07345490902662277,0.6179907917976379
687,1,0.06262125819921494,0.6314375400543213
688,1,0.07304633408784866,0.5814032554626465
689,1,0.0909305214881897,0.4660588800907135
690,1,0.08062314242124557,0.5397655963897705
691,1,0.07390870898962021,0.5491625666618347
692,1,0.08562237024307251,0.5899422764778137
693,1,0.08348816633224487,0.5501384735107422
694,1,0.12014797329902649,0.3749893605709076
695,1,0.052454184740781784,0.6185341477394104
696,1,0.0838719829916954,0.5777720808982849
697,1,0.05610816553235054,0.5892634987831116
698,1,0.057849690318107605,0.6466501355171204
699,1,0.09551998227834702,0.6091732978820801
700,1,0.09593579173088074,0.5186455249786377
701,1,0.05566646531224251,0.6349866986274719
702,1,0.06819889694452286,0.670693576335907
703,1,0.04906686767935753,0.6582756638526917
704,1,0.0923742949962616,0.5801278352737427
705,1,0.0729130282998085,0.5496117472648621
706,1,0.10121199488639832,0.48016783595085144
707,1,0.061695653945207596,0.6963256001472473
708,1,0.08279889076948166,0.5446633696556091
709,1,0.09434711188077927,0.45820164680480957
710,1,0.055063363164663315,0.6070752739906311
711,1,0.09737283736467361,0.48020967841148376
712,1,0.06792183965444565,0.5694341063499451
713,1,0.07353413850069046,0.597204864025116
714,1,0.0898263230919838,0.5583483576774597
715,1,0.10440695285797119,0.41081342101097107
716,1,0.10599996894598007,0.4411992132663727
717,1,0.09488791972398758,0.5153436064720154
718,1,0.11228635162115097,0.415039986371994
719,1,0.08349690586328506,0.5389416813850403
720,1,0.0976729765534401,0.45401158928871155
721,1,0.11565650254487991,0.391702264547348
722,1,0.08023007214069366,0.5063126683235168
723,1,0.10600819438695908,0.43293872475624084
724,1,0.13269412517547607,0.3188594579696655
725,1,0.07206862419843674,0.6347589492797852
726,1,0.07689705491065979,0.53780198097229
727,1,0.09532478451728821,0.5014685392379761
728,1,0.07293584197759628,0.5970537066459656
729,1,0.09084844589233398,0.48803389072418213
730,1,0.060570720583200455,0.6502495408058167
731,1,0.08176117390394211,0.5571413636207581
732,1,0.06431778520345688,0.6382928490638733
733,1,0.06716977804899216,0.605064332485199
734,1,0.10987959057092667,0.35479557514190674
735,1,0.10405074805021286,0.5758869051933289
736,1,0.06237839534878731,0.5882720351219177
737,1,0.05002020299434662,0.6689627766609192
738,1,0.1190575361251831,0.3918825089931488
739,1,0.08004426211118698,0.6287194490432739
740,1,0.059984613209962845,0.6605659127235413
741,1,0.09803789854049683,0.5416244864463806
742,1,0.07636233419179916,0.6198514103889465
743,1,0.07738766819238663,0.529103696346283
744,1,0.0796334370970726,0.5474278926849365
745,1,0.0961434468626976,0.48822203278541565
746,1,0.07568203657865524,0.6259017586708069
747,1,0.1108250692486763,0.4705289900302887
748,1,0.06356041878461838,0.570505678653717
749,1,0.10870492458343506,0.4316583573818207
750,1,0.08115074783563614,0.6288520693778992
751,1,0.07237137109041214,0.5311551690101624
752,1,0.10370039939880371,0.5203189849853516
753,1,0.1399955153465271,0.3708465099334717
754,1,0.09378525614738464,0.5959151983261108
755,1,0.08297864347696304,0.5982028245925903
756,1,0.145260289311409,0.3295670449733734
757,1,0.1420925110578537,0.3992920219898224
758,1,0.08224069327116013,0.6104677319526672
759,1,0.11942117661237717,0.44776633381843567
760,1,0.10161568969488144,0.5464282631874084
761,1,0.08137219399213791,0.5696757435798645
762,1,0.08109526336193085,0.5965628623962402
763,1,0.14311347901821136,0.433467298746109
764,1,0.10369802266359329,0.4543515145778656
765,1,0.06259538233280182,0.6705209612846375
766,1,0.12169260531663895,0.483137845993042
767,1,0.07302185893058777,0.6209774017333984
768,1,0.051843103021383286,0.63949054479599
769,1,0.09475693106651306,0.5238563418388367
770,1,0.05618363246321678,0.6253227591514587
771,1,0.09834819287061691,0.5470930933952332
772,1,0.10266125202178955,0.3894360065460205
773,1,0.048082854598760605,0.6390530467033386
774,1,0.09316865354776382,0.41210779547691345
775,1,0.04938024654984474,0.6300250887870789
776,1,0.11576715111732483,0.4307699501514435
777,1,0.046040575951337814,0.5381774306297302
778,1,0.05372054874897003,0.6079753041267395
779,1,0.04933156073093414,0.6255300045013428
780,1,0.09697390347719193,0.40351390838623047
781,1,0.13800019025802612,0.29262542724609375
782,1,0.09591898322105408,0.4063469469547272
783,1,0.04745493829250336,0.5337064862251282
784,1,0.037603866308927536,0.6856157779693604
785,1,0.04054929316043854,0.6419586539268494
786,1,0.07190728187561035,0.5414999127388
787,1,0.05094673112034798,0.5998156666755676
788,1,0.12823854386806488,0.28734290599823
789,1,0.060888271778821945,0.5676037073135376
790,1,0.04807782173156738,0.6350974440574646
791,1,0.05324511602520943,0.5788609385490417
792,1,0.03948966786265373,0.6494197249412537
793,1,0.048474375158548355,0.5950399041175842
794,1,0.03918669372797012,0.6561153531074524
795,1,0.03671325370669365,0.6384392380714417
796,1,0.09034791588783264,0.39026716351509094
797,1,0.04450805485248566,0.6361804008483887
798,1,0.0575902946293354,0.5418052077293396
799,1,0.03815946355462074,0.6727806925773621
800,1,0.06278464198112488,0.5479419231414795
801,1,0.07894065231084824,0.4522620737552643
802,1,0.050694312900304794,0.6096689105033875
803,1,0.07040048390626907,0.5266320109367371
804,1,0.07444145530462265,0.4967292845249176
805,1,0.04150707647204399,0.5928564667701721
806,1,0.048542145639657974,0.5967478156089783
807,1,0.04811154678463936,0.598349392414093
808,1,0.06369882076978683,0.5371046662330627
809,1,0.09104761481285095,0.41240739822387695
810,1,0.0367673896253109,0.7114855647087097
811,1,0.10532873123884201,0.36907076835632324
812,1,0.038610026240348816,0.635173499584198
813,1,0.1102399230003357,0.3503037393093109
814,1,0.04936103895306587,0.5916714072227478
815,1,0.06336048990488052,0.5574910044670105
816,1,0.04222160577774048,0.6055192351341248
817,1,0.09546583890914917,0.41722941398620605
818,1,0.04298954829573631,0.6383075714111328
819,1,0.08630844205617905,0.4781942367553711
820,1,0.04514056071639061,0.6249125599861145
821,1,0.10903391242027283,0.34022948145866394
822,1,0.046016495674848557,0.605107843875885
823,1,0.04964869096875191,0.627103328704834
824,1,0.04457947611808777,0.5893216133117676
825,1,0.04924870654940605,0.6402421593666077
826,1,0.10210204124450684,0.36219891905784607
827,1,0.043224602937698364,0.6300861239433289
828,1,0.10099116712808609,0.4279601275920868
829,1,0.05377976968884468,0.5665676593780518
830,1,0.05046252906322479,0.5985069870948792
831,1,0.05391278490424156,0.5789785981178284
832,1,0.04881788417696953,0.6045733690261841
833,1,0.11078524589538574,0.3730478286743164
834,1,0.09331178665161133,0.39770010113716125
835,1,0.04090360179543495,0.6401548385620117
836,1,0.057993728667497635,0.5957826375961304
837,1,0.049683574587106705,0.6467581391334534
838,1,0.11887291818857193,0.33366551995277405
839,1,0.06962689757347107,0.514125645160675
840,1,0.04037104919552803,0.6889381408691406
841,1,0.049067918211221695,0.6385340094566345
842,1,0.05292892083525658,0.5864675045013428
843,1,0.06313350051641464,0.5557828545570374
844,1,0.04843755438923836,0.5762491822242737
845,1,0.07793224602937698,0.5367205739021301
846,1,0.07263627648353577,0.563565731048584
847,1,0.10469537228345871,0.474047988653183
848,1,0.06600922346115112,0.5450340509414673
849,1,0.060895949602127075,0.5627695322036743
850,1,0.058606624603271484,0.5072653293609619
851,1,0.05914168432354927,0.5156956315040588
852,1,0.10630976408720016,0.417737752199173
853,1,0.09677260369062424,0.5337360501289368
854,1,0.10187465697526932,0.45559608936309814
855,1,0.11680185049772263,0.375033974647522
856,1,0.05263502523303032,0.5951139330863953
857,1,0.04416927322745323,0.6232492327690125
858,1,0.05316401645541191,0.5739272236824036
859,1,0.1034095287322998,0.3710564076900482
860,1,0.083448626101017,0.46197056770324707
861,1,0.08441869169473648,0.4249143600463867
862,1,0.03834579512476921,0.6149734854698181
863,1,0.10095176100730896,0.41478273272514343
864,1,0.075747050344944,0.5166279673576355
865,1,0.043822672218084335,0.5606967806816101
866,1,0.03843023255467415,0.5985662341117859
867,1,0.03821524605154991,0.6666386127471924
868,1,0.04067998006939888,0.6239038109779358
869,1,0.0381290577352047,0.6756443381309509
870,1,0.05422617867588997,0.6010425686836243
871,1,0.10095608979463577,0.42642703652381897
872,1,0.08850917220115662,0.4086856544017792
873,1,0.09427181631326675,0.41457676887512207
874,1,0.05139404162764549,0.5658275485038757
875,1,0.050819918513298035,0.6203298568725586
876,1,0.04736390337347984,0.6598947048187256
877,1,0.033977340906858444,0.7048175930976868
878,1,0.10152918845415115,0.4166848957538605
879,1,0.06561266630887985,0.5198177099227905
880,1,0.08437017351388931,0.47752904891967773
881,1,0.032480042427778244,0.6646563410758972
882,1,0.03726692497730255,0.6517226099967957
883,1,0.039232879877090454,0.6112450957298279
884,1,0.05974102020263672,0.5273506045341492
885,1,0.09538538008928299,0.35416969656944275
886,1,0.08073779195547104,0.4570840299129486
887,1,0.05925043299794197,0.5633039474487305
888,2,0.1275220662355423,0.3865349590778351
889,2,0.1200932040810585,0.42672786116600037
890,2,0.11281243711709976,0.5532594323158264
891,2,0.11846212297677994,0.5010247826576233
892,2,0.12443249672651291,0.3929479122161865
893,2,0.1104511097073555,0.4723600447177887
894,2,0.1543550044298172,0.3500988781452179
895,2,0.12508819997310638,0.44507896900177
896,2,0.1180892214179039,0.4475040137767792
897,2,0.17802684009075165,0.32933759689331055
898,2,0.10959532856941223,0.41868361830711365
899,2,0.08913996815681458,0.5506454706192017
900,2,0.13072162866592407,0.439657062292099
901,2,0.11300944536924362,0.49791669845581055
902,2,0.13935710489749908,0.30160796642303467
903,2,0.10970073938369751,0.49674561619758606
904,2,0.09905336052179337,0.4972244203090668
905,2,0.17100125551223755,0.2517361342906952
906,2,0.12004172801971436,0.4263577461242676
907,2,0.11793286353349686,0.4299243986606598
908,2,0.1207793727517128,0.45894575119018555
909,2,0.12363558262586594,0.4180856943130493
910,2,0.08771330118179321,0.5094658136367798
911,2,0.1491580754518509,0.29262420535087585
912,2,0.1205017939209938,0.43367549777030945
913,2,0.08835377544164658,0.5885351300239563
914,2,0.11955681443214417,0.4309987723827362
915,2,0.13115306198596954,0.4508076608181
916,2,0.11711148172616959,0.4333461821079254
917,2,0.1358710676431656,0.49398982524871826
918,2,0.1596607118844986,0.42473557591438293
919,2,0.17527341842651367,0.4084741175174713
920,2,0.109515480697155,0.4831392765045166
921,2,0.11798980832099915,0.4544287919998169
922,2,0.1535479873418808,0.3740731477737427
923,2,0.13441605865955353,0.3868342936038971
924,2,0.1877480298280716,0.26830923557281494
925,2,0.14201201498508453,0.4223308861255646
926,2,0.13624227046966553,0.4928617775440216
927,2,0.14093826711177826,0.4539971351623535
928,2,0.1468096673488617,0.4751340448856354
929,2,0.11927860975265503,0.5042519569396973
930,2,0.12158480286598206,0.49510475993156433
931,2,0.15890288352966309,0.37405288219451904
932,2,0.18024609982967377,0.26440784335136414
933,2,0.16318845748901367,0.3668593466281891
934,2,0.15975622832775116,0.39525535702705383
935,2,0.14716015756130219,0.4136589467525482
936,2,0.12995104491710663,0.45694199204444885
937,2,0.13543353974819183,0.4280880391597748
938,2,0.15888471901416779,0.4322543442249298
939,3,0.1766401082277298,0.35944584012031555
940,2,0.10610250383615494,0.564336359500885
941,2,0.16088278591632843,0.32362139225006104
942,2,0.13223852217197418,0.43861016631126404
943,1,0.0712762400507927,0.4432562291622162
944,1,0.09719181060791016,0.40871691703796387
945,1,0.14611485600471497,0.2865345776081085
946,1,0.06550128012895584,0.49799463152885437
947,1,0.10330671817064285,0.32881346344947815
948,1,0.030072903260588646,0.697445809841156
949,1,0.09432888776063919,0.40094587206840515
950,1,0.05218106508255005,0.5624833703041077
951,1,0.061728790402412415,0.501386284828186
952,1,0.06160176917910576,0.4353827238082886
953,1,0.07559648901224136,0.5370598435401917
954,1,0.10021010041236877,0.4905143678188324
955,1,0.059577684849500656,0.5318038463592529
956,1,0.04840129613876343,0.5925238132476807
957,1,0.06228727474808693,0.5662524104118347
958,3,0.0650821402668953,0.5588356852531433
959,3,0.06288579851388931,0.5865724086761475
960,3,0.06244559586048126,0.6287279725074768
961,3,0.07865512371063232,0.5154721736907959
962,3,0.06476535648107529,0.5877273678779602
963,3,0.07515879720449448,0.5253221988677979
964,3,0.059571463614702225,0.6385283470153809
965,3,0.06058349832892418,0.6061387658119202
966,3,0.054213207215070724,0.6406165361404419
967,3,0.052922312170267105,0.6446455121040344
968,3,0.052458539605140686,0.6694329380989075
969,3,0.06350956112146378,0.59010249376297
970,3,0.05883956328034401,0.6313766837120056
971,3,0.045348796993494034,0.7205471396446228
972,3,0.043867021799087524,0.7052262425422668
973,3,0.041358113288879395,0.68545001745224
974,3,0.041713204234838486,0.7096317410469055
975,3,0.04143688082695007,0.6838139891624451
976,3,0.06382035464048386,0.6291008591651917
977,3,0.06469697505235672,0.5993786454200745
978,3,0.056243766099214554,0.6379160284996033
979,3,0.0610293485224247,0.607961893081665
980,3,0.06086554005742073,0.6329099535942078
981,3,0.07089130580425262,0.5364298820495605
982,3,0.07411444187164307,0.5537970066070557
983,3,0.06164652109146118,0.5813146233558655
984,1,0.1102038100361824,0.48062416911125183
985,1,0.06906921416521072,0.6565006375312805
986,1,0.11661151796579361,0.5462638735771179
987,1,0.09667573124170303,0.5202681422233582
988,1,0.07587630301713943,0.6208513379096985
989,1,0.05881660804152489,0.6726324558258057
990,1,0.06294463574886322,0.5520130395889282
991,1,0.11205875128507614,0.5552651882171631
992,1,0.09997749328613281,0.4920003116130829
993,1,0.09060057997703552,0.45643267035484314
994,1,0.06892285495996475,0.608384370803833
995,1,0.11186378449201584,0.454876184463501
996,1,0.10555294901132584,0.4242531359195709
997,1,0.11799809336662292,0.49380794167518616
998,1,0.06836658716201782,0.5822185277938843
999,1,0.09617379307746887,0.542809009552002
1000,1,0.062150631099939346,0.638634443283081
1001,1,0.07148627936840057,0.6037202477455139
1002,1,0.10009751468896866,0.45989155769348145
1003,1,0.0733904018998146,0.552794873714447
1004,1,0.08340641111135483,0.5000926852226257
1005,1,0.07777111232280731,0.5149795413017273
1006,1,0.07240372151136398,0.6011458039283752
1007,1,0.0813649520277977,0.5473790764808655
1008,1,0.07352272421121597,0.5915213227272034
1009,1,0.07191324979066849,0.6276217699050903
1010,1,0.11761746555566788,0.32780614495277405
1011,1,0.09153231233358383,0.47918131947517395
1012,3,0.05329638719558716,0.6880643963813782
1013,3,0.07846822589635849,0.5503513216972351
1014,3,0.0761827602982521,0.6022703647613525
1015,3,0.053828973323106766,0.6325789093971252
1016,3,0.03844678774476051,0.7184903621673584
1017,3,0.10492092370986938,0.5456265807151794
1018,3,0.08488986641168594,0.5358553528785706
1019,3,0.06485717743635178,0.6119816899299622
1020,3,0.07192743569612503,0.6030139327049255
1021,3,0.05508720874786377,0.6782002449035645
1022,3,0.053913380950689316,0.6239381432533264
1023,3,0.06048446521162987,0.5970149040222168
1024,3,0.057508956640958786,0.6406014561653137
1025,3,0.07416849583387375,0.5581696033477783
1026,3,0.07725533097982407,0.5410268306732178
1027,3,0.06474959850311279,0.606028139591217
1028,3,0.04647345468401909,0.7345287203788757
1029,3,0.06179201975464821,0.5629426836967468
1030,2,0.1830257624387741,0.21553878486156464
1031,2,0.09625405073165894,0.4812189042568207
1032,2,0.10280776023864746,0.4987927973270416
1033,2,0.11231320351362228,0.42879149317741394
1034,2,0.08960350602865219,0.5451460480690002
1035,2,0.10705044120550156,0.502578854560852
1036,2,0.0812731683254242,0.5549077987670898
1037,2,0.10596734285354614,0.45317909121513367
1038,2,0.10737492889165878,0.5087764859199524
1039,2,0.1700214296579361,0.38963523507118225
1040,2,0.13717931509017944,0.3867127001285553
1041,2,0.21618996560573578,0.36800017952919006
1042,1,0.0313817597925663,0.6467018127441406
1043,1,0.06567676365375519,0.45309701561927795
1044,1,0.09122724086046219,0.47582733631134033
1045,3,0.05712157487869263,0.676224410533905
